sample_code	group	time_value	time_unit	time_label	time_hours	replicate	gene_id	gene_symbol_current	gene_symbol_matrix	gene_type	log2_rpkm
C0H1	Control	0	hour	0 h	0	1	ENSMUSG00000058427	Cxcl2	Cxcl2	protein_coding	-14.2877123795494
C0H2	Control	0	hour	0 h	0	2	ENSMUSG00000058427	Cxcl2	Cxcl2	protein_coding	-4.8869873076396
C0H3	Control	0	hour	0 h	0	3	ENSMUSG00000058427	Cxcl2	Cxcl2	protein_coding	-14.2877123795494
C0H4	Control	0	hour	0 h	0	4	ENSMUSG00000058427	Cxcl2	Cxcl2	protein_coding	-14.2877123795494
C0H5	Control	0	hour	0 h	0	5	ENSMUSG00000058427	Cxcl2	Cxcl2	protein_coding	-4.76802202430245
C0H6	Control	0	hour	0 h	0	6	ENSMUSG00000058427	Cxcl2	Cxcl2	protein_coding	-4.81637194073807
C0H7	Control	0	hour	0 h	0	7	ENSMUSG00000058427	Cxcl2	Cxcl2	protein_coding	-2.22770051879979
C0H8	Control	0	hour	0 h	0	8	ENSMUSG00000058427	Cxcl2	Cxcl2	protein_coding	-4.29327101780356
C0H9	Control	0	hour	0 h	0	9	ENSMUSG00000058427	Cxcl2	Cxcl2	protein_coding	-5.29201701549704
C4H1	Control	4	hour	4 h	4	1	ENSMUSG00000058427	Cxcl2	Cxcl2	protein_coding	-5.4221149512672
C4H2	Control	4	hour	4 h	4	2	ENSMUSG00000058427	Cxcl2	Cxcl2	protein_coding	-4.34877276805708
C4H3	Control	4	hour	4 h	4	3	ENSMUSG00000058427	Cxcl2	Cxcl2	protein_coding	-14.2877123795494
C4W1	Control	4	week	4 wk	672	1	ENSMUSG00000058427	Cxcl2	Cxcl2	protein_coding	-5.88772505574175
C4W2	Control	4	week	4 wk	672	2	ENSMUSG00000058427	Cxcl2	Cxcl2	protein_coding	-4.15713710540756
S1H1	Sham	1	hour	1 h	1	1	ENSMUSG00000058427	Cxcl2	Cxcl2	protein_coding	-1.9077755125169
S1H2	Sham	1	hour	1 h	1	2	ENSMUSG00000058427	Cxcl2	Cxcl2	protein_coding	-2.78646656382972
S1H3	Sham	1	hour	1 h	1	3	ENSMUSG00000058427	Cxcl2	Cxcl2	protein_coding	-4.0125944595849
S1H4	Sham	1	hour	1 h	1	4	ENSMUSG00000058427	Cxcl2	Cxcl2	protein_coding	-3.59831276275641
S1H5	Sham	1	hour	1 h	1	5	ENSMUSG00000058427	Cxcl2	Cxcl2	protein_coding	-1.89312174437703
S1H6	Sham	1	hour	1 h	1	6	ENSMUSG00000058427	Cxcl2	Cxcl2	protein_coding	-2.59271946469471
S4H1	Sham	4	hour	4 h	4	1	ENSMUSG00000058427	Cxcl2	Cxcl2	protein_coding	-1.20224738408493
S4H2	Sham	4	hour	4 h	4	2	ENSMUSG00000058427	Cxcl2	Cxcl2	protein_coding	-3.37955425043614
S4H3	Sham	4	hour	4 h	4	3	ENSMUSG00000058427	Cxcl2	Cxcl2	protein_coding	-1.82488625157159
S4H4	Sham	4	hour	4 h	4	4	ENSMUSG00000058427	Cxcl2	Cxcl2	protein_coding	-1.49165037623702
S4H5	Sham	4	hour	4 h	4	5	ENSMUSG00000058427	Cxcl2	Cxcl2	protein_coding	-0.834250305632649
S4H6	Sham	4	hour	4 h	4	6	ENSMUSG00000058427	Cxcl2	Cxcl2	protein_coding	-1.51889167525854
S4H7	Sham	4	hour	4 h	4	7	ENSMUSG00000058427	Cxcl2	Cxcl2	protein_coding	-2.46757574873892
S4H8	Sham	4	hour	4 h	4	8	ENSMUSG00000058427	Cxcl2	Cxcl2	protein_coding	-2.12808489741499
S4H9	Sham	4	hour	4 h	4	9	ENSMUSG00000058427	Cxcl2	Cxcl2	protein_coding	1.17866097956321
S10H1	Sham	10	hour	10 h	10	1	ENSMUSG00000058427	Cxcl2	Cxcl2	protein_coding	-4.90240755473766
S10H2	Sham	10	hour	10 h	10	2	ENSMUSG00000058427	Cxcl2	Cxcl2	protein_coding	-4.18594180838179
S10H3	Sham	10	hour	10 h	10	3	ENSMUSG00000058427	Cxcl2	Cxcl2	protein_coding	-1.16410642770291
S20H1	Sham	20	hour	20 h	20	1	ENSMUSG00000058427	Cxcl2	Cxcl2	protein_coding	-14.2877123795494
S20H2	Sham	20	hour	20 h	20	2	ENSMUSG00000058427	Cxcl2	Cxcl2	protein_coding	-5.2414247627229
S20H3	Sham	20	hour	20 h	20	3	ENSMUSG00000058427	Cxcl2	Cxcl2	protein_coding	-14.2877123795494
S48H1	Sham	48	hour	48 h	48	1	ENSMUSG00000058427	Cxcl2	Cxcl2	protein_coding	-4.97596862195999
S48H2	Sham	48	hour	48 h	48	2	ENSMUSG00000058427	Cxcl2	Cxcl2	protein_coding	-5.31628545526634
S48H3	Sham	48	hour	48 h	48	3	ENSMUSG00000058427	Cxcl2	Cxcl2	protein_coding	-3.46777896899038
X1H1	Post-PH	1	hour	1 h	1	1	ENSMUSG00000058427	Cxcl2	Cxcl2	protein_coding	-3.72559881833646
X1H2	Post-PH	1	hour	1 h	1	2	ENSMUSG00000058427	Cxcl2	Cxcl2	protein_coding	-1.52196193169158
X1H3	Post-PH	1	hour	1 h	1	3	ENSMUSG00000058427	Cxcl2	Cxcl2	protein_coding	-3.0295704553733
X1H4	Post-PH	1	hour	1 h	1	4	ENSMUSG00000058427	Cxcl2	Cxcl2	protein_coding	-3.59245075877316
X1H5	Post-PH	1	hour	1 h	1	5	ENSMUSG00000058427	Cxcl2	Cxcl2	protein_coding	-2.66864185622545
X1H6	Post-PH	1	hour	1 h	1	6	ENSMUSG00000058427	Cxcl2	Cxcl2	protein_coding	-3.07340388094836
X4H4	Post-PH	4	hour	4 h	4	4	ENSMUSG00000058427	Cxcl2	Cxcl2	protein_coding	-1.98500834611371
X4H5	Post-PH	4	hour	4 h	4	5	ENSMUSG00000058427	Cxcl2	Cxcl2	protein_coding	-3.3759095125163
X4H6	Post-PH	4	hour	4 h	4	6	ENSMUSG00000058427	Cxcl2	Cxcl2	protein_coding	-0.503031847822419
X10H1	Post-PH	10	hour	10 h	10	1	ENSMUSG00000058427	Cxcl2	Cxcl2	protein_coding	-4.03314927808427
X10H2	Post-PH	10	hour	10 h	10	2	ENSMUSG00000058427	Cxcl2	Cxcl2	protein_coding	-14.2877123795494
X10H3	Post-PH	10	hour	10 h	10	3	ENSMUSG00000058427	Cxcl2	Cxcl2	protein_coding	-4.35162095694052
X10H4	Post-PH	10	hour	10 h	10	4	ENSMUSG00000058427	Cxcl2	Cxcl2	protein_coding	-3.5168053844332
X10H5	Post-PH	10	hour	10 h	10	5	ENSMUSG00000058427	Cxcl2	Cxcl2	protein_coding	-4.01020743765491
X10H6	Post-PH	10	hour	10 h	10	6	ENSMUSG00000058427	Cxcl2	Cxcl2	protein_coding	-2.58399254051593
X20H1	Post-PH	20	hour	20 h	20	1	ENSMUSG00000058427	Cxcl2	Cxcl2	protein_coding	-14.2877123795494
X20H2	Post-PH	20	hour	20 h	20	2	ENSMUSG00000058427	Cxcl2	Cxcl2	protein_coding	-4.55726466712882
X20H3	Post-PH	20	hour	20 h	20	3	ENSMUSG00000058427	Cxcl2	Cxcl2	protein_coding	-4.2588330267892
X20H4	Post-PH	20	hour	20 h	20	4	ENSMUSG00000058427	Cxcl2	Cxcl2	protein_coding	-5.62807593668879
X20H5	Post-PH	20	hour	20 h	20	5	ENSMUSG00000058427	Cxcl2	Cxcl2	protein_coding	-2.88523421013001
X20H6	Post-PH	20	hour	20 h	20	6	ENSMUSG00000058427	Cxcl2	Cxcl2	protein_coding	-1.08566295927735
X28H1	Post-PH	28	hour	28 h	28	1	ENSMUSG00000058427	Cxcl2	Cxcl2	protein_coding	-2.52294370023259
X28H2	Post-PH	28	hour	28 h	28	2	ENSMUSG00000058427	Cxcl2	Cxcl2	protein_coding	-3.12527796534179
X28H3	Post-PH	28	hour	28 h	28	3	ENSMUSG00000058427	Cxcl2	Cxcl2	protein_coding	-3.45785092219415
X36H1	Post-PH	36	hour	36 h	36	1	ENSMUSG00000058427	Cxcl2	Cxcl2	protein_coding	-3.5049742639306
X36H2	Post-PH	36	hour	36 h	36	2	ENSMUSG00000058427	Cxcl2	Cxcl2	protein_coding	-2.6994192445349
X36H3	Post-PH	36	hour	36 h	36	3	ENSMUSG00000058427	Cxcl2	Cxcl2	protein_coding	-5.73315191599127
X36H4	Post-PH	36	hour	36 h	36	4	ENSMUSG00000058427	Cxcl2	Cxcl2	protein_coding	-3.88390330406915
X36H5	Post-PH	36	hour	36 h	36	5	ENSMUSG00000058427	Cxcl2	Cxcl2	protein_coding	-4.71111161329876
X36H6	Post-PH	36	hour	36 h	36	6	ENSMUSG00000058427	Cxcl2	Cxcl2	protein_coding	-14.2877123795494
X44H1	Post-PH	44	hour	44 h	44	1	ENSMUSG00000058427	Cxcl2	Cxcl2	protein_coding	-2.25571307943157
X44H2	Post-PH	44	hour	44 h	44	2	ENSMUSG00000058427	Cxcl2	Cxcl2	protein_coding	-2.98395451525116
X44H3	Post-PH	44	hour	44 h	44	3	ENSMUSG00000058427	Cxcl2	Cxcl2	protein_coding	-4.53283806598533
X48H1	Post-PH	48	hour	48 h	48	1	ENSMUSG00000058427	Cxcl2	Cxcl2	protein_coding	-5.25797559199054
X48H2	Post-PH	48	hour	48 h	48	2	ENSMUSG00000058427	Cxcl2	Cxcl2	protein_coding	-1.95360947023547
X48H3	Post-PH	48	hour	48 h	48	3	ENSMUSG00000058427	Cxcl2	Cxcl2	protein_coding	-3.28925642963045
X48H4	Post-PH	48	hour	48 h	48	4	ENSMUSG00000058427	Cxcl2	Cxcl2	protein_coding	-4.14845149809924
X48H5	Post-PH	48	hour	48 h	48	5	ENSMUSG00000058427	Cxcl2	Cxcl2	protein_coding	-2.16498222508218
X72H1	Post-PH	72	hour	72 h	72	1	ENSMUSG00000058427	Cxcl2	Cxcl2	protein_coding	-2.29946892000321
X72H2	Post-PH	72	hour	72 h	72	2	ENSMUSG00000058427	Cxcl2	Cxcl2	protein_coding	-1.58410269871943
X72H3	Post-PH	72	hour	72 h	72	3	ENSMUSG00000058427	Cxcl2	Cxcl2	protein_coding	-5.92028828206042
X1W1	Post-PH	1	week	1 wk	168	1	ENSMUSG00000058427	Cxcl2	Cxcl2	protein_coding	-3.69282540269929
X1W2	Post-PH	1	week	1 wk	168	2	ENSMUSG00000058427	Cxcl2	Cxcl2	protein_coding	-4.54827487191116
X1W3	Post-PH	1	week	1 wk	168	3	ENSMUSG00000058427	Cxcl2	Cxcl2	protein_coding	-5.22901748179728
X4W1	Post-PH	4	week	4 wk	672	1	ENSMUSG00000058427	Cxcl2	Cxcl2	protein_coding	-4.64386129241301
X4W2	Post-PH	4	week	4 wk	672	2	ENSMUSG00000058427	Cxcl2	Cxcl2	protein_coding	-14.2877123795494
